<xml xmlns="http://www.biogazelle.com/1.1"
     xmlns:xsi="http://www.w3.org/2001/XMLSchema-instance"
     xsi:schemaLocation="http://www.biogazelle.com/1.1 http://www.biogazelle.com/schema-v1_1.xsd">
<project>
  <name>Project 1</name>
  <description></description>
  <defaultCalculationSettings>
    <amplificationEfficiencyType>EXPERIMENT_SPECIFIC</amplificationEfficiencyType>
    <normalizationType>REFERENCE_TARGETS</normalizationType>
    <averageCalculationType>ARITHMETHIC_MEAN</averageCalculationType>
    <calculationPathWay>ACD</calculationPathWay>
    <numberOfPCRReplicates>2</numberOfPCRReplicates>
  </defaultCalculationSettings>
  <defaultQualityControlSettings>
    <coefficientOfVariation>0.2</coefficientOfVariation>
    <geneStabilityMeasure>0.5</geneStabilityMeasure>
    <negativeControlThreshold>5.0</negativeControlThreshold>
    <technicalReproducability>0.5</technicalReproducability>
    <wellMaximumCqEnabled>false</wellMaximumCqEnabled>
    <wellMinimumCqEnabled>false</wellMinimumCqEnabled>
    <wellMaximumCq>35.0</wellMaximumCq>
    <wellMinimumCq>0.0</wellMinimumCq>
    <tscAverageCqEnabled>false</tscAverageCqEnabled>
    <tscAverageCq>35.0</tscAverageCq>
    <differenceNegativeControlEnabled>false</differenceNegativeControlEnabled>
    <differenceNegativeControl>5.0</differenceNegativeControl>
    <lowerBoundaryNormalCopy>1.414</lowerBoundaryNormalCopy>
    <upperBoundaryNormalCopy>2.449</upperBoundaryNormalCopy>
    <maxCriteriaForPositiveControl>35.0</maxCriteriaForPositiveControl>
    <mInCriteriaForPositiveControl>5.0</mInCriteriaForPositiveControl>
  </defaultQualityControlSettings>
  <experiments>
    <experiment>
      <name>Experiment 1</name>
      <path>Experiments/Experiment 1</path>
    </experiment>
  </experiments>
  <conclusion></conclusion>
</project>
</xml>
