<xml xmlns="http://www.biogazelle.com/1.1"
     xmlns:xsi="http://www.w3.org/2001/XMLSchema-instance"
     xsi:schemaLocation="http://www.biogazelle.com/1.1 http://www.biogazelle.com/schema-v1_1.xsd">
<!--
  qbasePLUS version: 2.4 (20120828-0902)
  build: 2.4.0.201209181115
  operating system: Windows 32
  timestamp: 20121022-0851
-->
<experiment version="1">
  <name>Statistics on quick guide</name>
  <description>Gene expression analysis on 16 samples of interest belonging to 2 biological groups.

Experiment design
- 3* 96 well plates
- 3 genes of interest
	Duvel, Leffe, Palm
- 3 reference genes
	Flexible, Nonregulated, Stable
	Flexible is not stable and must be excluded
	as reference gene
- 16 samples of interest
	sample 01-15
	2 biological groups: Treated and Untreated
	The two groups are paired
- 1 negative control (water)
- 5 samples for standard dilution series
	standard 1- 5

Calculation parameters
- Target specific amplification efficiencies
- Reference targets normalization strategy
- Scale to group
	Property: treatment
	Value: treated

Custom properties (Treatment and Pairing) added in sample properties window (Annotations &gt; Sample properties)

Stat wizard (Analysis &gt; Statistics &gt; Stat wizard) 
- Step 1: Mean comparison 
- Step 2: Untreated versus Treated
- Step 3: Targets: Duvel, Leffe, Palm
- Step 4: 
Are the data coming form a log-normal distribution?&#x0D;	Don�t know&#x0D;Is your data paired?&#x0D;	Yes. Pairing property: Pairing&#x0D;Do you know the direction of the observed effect?&#x0D;	No (determine two-sided significance)&#x0D;Correct for multiple testing&#x0D;
</description>
  <amplificationEfficiency>2.0</amplificationEfficiency>
  <standardErrorAmplificationEfficiency>0.0</standardErrorAmplificationEfficiency>
  <calculationSettings>
    <amplificationEfficiencyType>TARGET_SPECIFIC</amplificationEfficiencyType>
    <normalizationType>REFERENCE_TARGETS</normalizationType>
    <averageCalculationType>ARITHMETHIC_MEAN</averageCalculationType>
    <calculationPathWay>ACD</calculationPathWay>
    <numberOfPCRReplicates>2</numberOfPCRReplicates>
  </calculationSettings>
  <qualityControlSettings>
    <coefficientOfVariation>0.2</coefficientOfVariation>
    <geneStabilityMeasure>0.5</geneStabilityMeasure>
    <negativeControlThreshold>5.0</negativeControlThreshold>
    <technicalReproducability>0.5</technicalReproducability>
    <wellCqEnabled>false</wellCqEnabled>
    <wellCq>35.0</wellCq>
    <tscAverageCqEnabled>false</tscAverageCqEnabled>
    <tscAverageCq>35.0</tscAverageCq>
    <differenceNegativeControlEnabled>false</differenceNegativeControlEnabled>
    <differenceNegativeControl>5.0</differenceNegativeControl>
    <lowerBoundaryNormalCopy>1.414</lowerBoundaryNormalCopy>
    <upperBoundaryNormalCopy>2.449</upperBoundaryNormalCopy>
  </qualityControlSettings>
  <cnrqScalingType>CHOSEN_GROUP</cnrqScalingType>
  <cnrqScalingSample>Sample01</cnrqScalingSample>
  <cnrqScalingProperty>Treatment</cnrqScalingProperty>
  <cnrqScalingPropertyValue>Treated</cnrqScalingPropertyValue>
  <targetsOfInterest>
    <target>
      <name>Flexible</name>
      <officalGeneSymbol></officalGeneSymbol>
      <entrezGeneId></entrezGeneId>
      <forwardPrimer></forwardPrimer>
      <reversePrimer></reversePrimer>
      <probe1></probe1>
      <probe2></probe2>
      <amplicon></amplicon>
      <company></company>
      <orderNumber></orderNumber>
      <rtPrimerDbId></rtPrimerDbId>
      <amplificationEfficiency></amplificationEfficiency>
      <standardErrorAmplificationEfficiency></standardErrorAmplificationEfficiency>
    </target>
    <target>
      <name>Palm</name>
      <officalGeneSymbol></officalGeneSymbol>
      <entrezGeneId></entrezGeneId>
      <forwardPrimer></forwardPrimer>
      <reversePrimer></reversePrimer>
      <probe1></probe1>
      <probe2></probe2>
      <amplicon></amplicon>
      <company></company>
      <orderNumber></orderNumber>
      <rtPrimerDbId></rtPrimerDbId>
      <amplificationEfficiency></amplificationEfficiency>
      <standardErrorAmplificationEfficiency></standardErrorAmplificationEfficiency>
    </target>
    <target>
      <name>Leffe</name>
      <officalGeneSymbol></officalGeneSymbol>
      <entrezGeneId></entrezGeneId>
      <forwardPrimer></forwardPrimer>
      <reversePrimer></reversePrimer>
      <probe1></probe1>
      <probe2></probe2>
      <amplicon></amplicon>
      <company></company>
      <orderNumber></orderNumber>
      <rtPrimerDbId></rtPrimerDbId>
      <amplificationEfficiency></amplificationEfficiency>
      <standardErrorAmplificationEfficiency></standardErrorAmplificationEfficiency>
    </target>
    <target>
      <name>Duvel</name>
      <officalGeneSymbol></officalGeneSymbol>
      <entrezGeneId></entrezGeneId>
      <forwardPrimer></forwardPrimer>
      <reversePrimer></reversePrimer>
      <probe1></probe1>
      <probe2></probe2>
      <amplicon></amplicon>
      <company></company>
      <orderNumber></orderNumber>
      <rtPrimerDbId></rtPrimerDbId>
      <amplificationEfficiency></amplificationEfficiency>
      <standardErrorAmplificationEfficiency></standardErrorAmplificationEfficiency>
    </target>
  </targetsOfInterest>
  <referenceTargets>
    <target>
      <name>Nonregulated</name>
      <officalGeneSymbol></officalGeneSymbol>
      <entrezGeneId></entrezGeneId>
      <forwardPrimer></forwardPrimer>
      <reversePrimer></reversePrimer>
      <probe1></probe1>
      <probe2></probe2>
      <amplicon></amplicon>
      <company></company>
      <orderNumber></orderNumber>
      <rtPrimerDbId></rtPrimerDbId>
      <amplificationEfficiency></amplificationEfficiency>
      <standardErrorAmplificationEfficiency></standardErrorAmplificationEfficiency>
    </target>
    <target>
      <name>Stable</name>
      <officalGeneSymbol></officalGeneSymbol>
      <entrezGeneId></entrezGeneId>
      <forwardPrimer></forwardPrimer>
      <reversePrimer></reversePrimer>
      <probe1></probe1>
      <probe2></probe2>
      <amplicon></amplicon>
      <company></company>
      <orderNumber></orderNumber>
      <rtPrimerDbId></rtPrimerDbId>
      <amplificationEfficiency></amplificationEfficiency>
      <standardErrorAmplificationEfficiency></standardErrorAmplificationEfficiency>
    </target>
  </referenceTargets>
  <samples>
    <sample>
      <name>Sample10</name>
      <description></description>
      <sampleType>UNKNOWN</sampleType>
      <showSample>USE_PREFERENCES</showSample>
      <quantity></quantity>
      <customNormalizationFactor></customNormalizationFactor>
      <properties>
        <property key="Pairing" value="5"/>
        <property key="Treatment" value="Treated"/>
      </properties>
      <excluded>false</excluded>
      <quantityPositiveControl></quantityPositiveControl>
    </sample>
    <sample>
      <name>Sample03</name>
      <description></description>
      <sampleType>UNKNOWN</sampleType>
      <showSample>USE_PREFERENCES</showSample>
      <quantity></quantity>
      <customNormalizationFactor></customNormalizationFactor>
      <properties>
        <property key="Pairing" value="2"/>
        <property key="Treatment" value="Untreated"/>
      </properties>
      <excluded>false</excluded>
      <quantityPositiveControl></quantityPositiveControl>
    </sample>
    <sample>
      <name>Sample02</name>
      <description></description>
      <sampleType>UNKNOWN</sampleType>
      <showSample>USE_PREFERENCES</showSample>
      <quantity></quantity>
      <customNormalizationFactor></customNormalizationFactor>
      <properties>
        <property key="Pairing" value="1"/>
        <property key="Treatment" value="Treated"/>
      </properties>
      <excluded>false</excluded>
      <quantityPositiveControl></quantityPositiveControl>
    </sample>
    <sample>
      <name>Standard3</name>
      <description></description>
      <sampleType>STANDARD</sampleType>
      <showSample>USE_PREFERENCES</showSample>
      <quantity>16.0</quantity>
      <customNormalizationFactor></customNormalizationFactor>
      <properties/>
      <excluded>false</excluded>
      <quantityPositiveControl></quantityPositiveControl>
    </sample>
    <sample>
      <name>Sample09</name>
      <description></description>
      <sampleType>UNKNOWN</sampleType>
      <showSample>USE_PREFERENCES</showSample>
      <quantity></quantity>
      <customNormalizationFactor></customNormalizationFactor>
      <properties>
        <property key="Pairing" value="5"/>
        <property key="Treatment" value="Untreated"/>
      </properties>
      <excluded>false</excluded>
      <quantityPositiveControl></quantityPositiveControl>
    </sample>
    <sample>
      <name>Sample13</name>
      <description></description>
      <sampleType>UNKNOWN</sampleType>
      <showSample>USE_PREFERENCES</showSample>
      <quantity></quantity>
      <customNormalizationFactor></customNormalizationFactor>
      <properties>
        <property key="Pairing" value="7"/>
        <property key="Treatment" value="Untreated"/>
      </properties>
      <excluded>false</excluded>
      <quantityPositiveControl></quantityPositiveControl>
    </sample>
    <sample>
      <name>Sample05</name>
      <description></description>
      <sampleType>UNKNOWN</sampleType>
      <showSample>USE_PREFERENCES</showSample>
      <quantity></quantity>
      <customNormalizationFactor></customNormalizationFactor>
      <properties>
        <property key="Pairing" value="3"/>
        <property key="Treatment" value="Untreated"/>
      </properties>
      <excluded>false</excluded>
      <quantityPositiveControl></quantityPositiveControl>
    </sample>
    <sample>
      <name>Sample08</name>
      <description></description>
      <sampleType>UNKNOWN</sampleType>
      <showSample>USE_PREFERENCES</showSample>
      <quantity></quantity>
      <customNormalizationFactor></customNormalizationFactor>
      <properties>
        <property key="Pairing" value="4"/>
        <property key="Treatment" value="Treated"/>
      </properties>
      <excluded>false</excluded>
      <quantityPositiveControl></quantityPositiveControl>
    </sample>
    <sample>
      <name>Sample06</name>
      <description></description>
      <sampleType>UNKNOWN</sampleType>
      <showSample>USE_PREFERENCES</showSample>
      <quantity></quantity>
      <customNormalizationFactor></customNormalizationFactor>
      <properties>
        <property key="Pairing" value="3"/>
        <property key="Treatment" value="Treated"/>
      </properties>
      <excluded>false</excluded>
      <quantityPositiveControl></quantityPositiveControl>
    </sample>
    <sample>
      <name>Sample15</name>
      <description></description>
      <sampleType>UNKNOWN</sampleType>
      <showSample>USE_PREFERENCES</showSample>
      <quantity></quantity>
      <customNormalizationFactor></customNormalizationFactor>
      <properties>
        <property key="Pairing" value="8"/>
        <property key="Treatment" value="Untreated"/>
      </properties>
      <excluded>false</excluded>
      <quantityPositiveControl></quantityPositiveControl>
    </sample>
    <sample>
      <name>Water</name>
      <description></description>
      <sampleType>NO_TEMPLATE</sampleType>
      <showSample>USE_PREFERENCES</showSample>
      <quantity></quantity>
      <customNormalizationFactor></customNormalizationFactor>
      <properties/>
      <excluded>false</excluded>
      <quantityPositiveControl></quantityPositiveControl>
    </sample>
    <sample>
      <name>Sample11</name>
      <description></description>
      <sampleType>UNKNOWN</sampleType>
      <showSample>USE_PREFERENCES</showSample>
      <quantity></quantity>
      <customNormalizationFactor></customNormalizationFactor>
      <properties>
        <property key="Pairing" value="6"/>
        <property key="Treatment" value="Untreated"/>
      </properties>
      <excluded>false</excluded>
      <quantityPositiveControl></quantityPositiveControl>
    </sample>
    <sample>
      <name reference="../../../cnrqScalingSample"/>
      <description></description>
      <sampleType>UNKNOWN</sampleType>
      <showSample>USE_PREFERENCES</showSample>
      <quantity></quantity>
      <customNormalizationFactor></customNormalizationFactor>
      <properties>
        <property key="Pairing" value="1"/>
        <property key="Treatment" value="Untreated"/>
      </properties>
      <excluded>false</excluded>
      <quantityPositiveControl></quantityPositiveControl>
    </sample>
    <sample>
      <name>Standard5</name>
      <description></description>
      <sampleType>STANDARD</sampleType>
      <showSample>USE_PREFERENCES</showSample>
      <quantity>1.0</quantity>
      <customNormalizationFactor></customNormalizationFactor>
      <properties/>
      <excluded>false</excluded>
      <quantityPositiveControl></quantityPositiveControl>
    </sample>
    <sample>
      <name>Sample07</name>
      <description></description>
      <sampleType>UNKNOWN</sampleType>
      <showSample>USE_PREFERENCES</showSample>
      <quantity></quantity>
      <customNormalizationFactor></customNormalizationFactor>
      <properties>
        <property key="Pairing" value="4"/>
        <property key="Treatment" value="Untreated"/>
      </properties>
      <excluded>false</excluded>
      <quantityPositiveControl></quantityPositiveControl>
    </sample>
    <sample>
      <name>Sample04</name>
      <description></description>
      <sampleType>UNKNOWN</sampleType>
      <showSample>USE_PREFERENCES</showSample>
      <quantity></quantity>
      <customNormalizationFactor></customNormalizationFactor>
      <properties>
        <property key="Pairing" value="2"/>
        <property key="Treatment" value="Treated"/>
      </properties>
      <excluded>false</excluded>
      <quantityPositiveControl></quantityPositiveControl>
    </sample>
    <sample>
      <name>Standard4</name>
      <description></description>
      <sampleType>STANDARD</sampleType>
      <showSample>USE_PREFERENCES</showSample>
      <quantity>4.0</quantity>
      <customNormalizationFactor></customNormalizationFactor>
      <properties/>
      <excluded>false</excluded>
      <quantityPositiveControl></quantityPositiveControl>
    </sample>
    <sample>
      <name>Standard2</name>
      <description></description>
      <sampleType>STANDARD</sampleType>
      <showSample>USE_PREFERENCES</showSample>
      <quantity>64.0</quantity>
      <customNormalizationFactor></customNormalizationFactor>
      <properties/>
      <excluded>false</excluded>
      <quantityPositiveControl></quantityPositiveControl>
    </sample>
    <sample>
      <name>Standard1</name>
      <description></description>
      <sampleType>STANDARD</sampleType>
      <showSample>USE_PREFERENCES</showSample>
      <quantity>256.0</quantity>
      <customNormalizationFactor></customNormalizationFactor>
      <properties/>
      <excluded>false</excluded>
      <quantityPositiveControl></quantityPositiveControl>
    </sample>
    <sample>
      <name>Sample14</name>
      <description></description>
      <sampleType>UNKNOWN</sampleType>
      <showSample>USE_PREFERENCES</showSample>
      <quantity></quantity>
      <customNormalizationFactor></customNormalizationFactor>
      <properties>
        <property key="Pairing" value="7"/>
        <property key="Treatment" value="Treated"/>
      </properties>
      <excluded>false</excluded>
      <quantityPositiveControl></quantityPositiveControl>
    </sample>
    <sample>
      <name>Sample12</name>
      <description></description>
      <sampleType>UNKNOWN</sampleType>
      <showSample>USE_PREFERENCES</showSample>
      <quantity></quantity>
      <customNormalizationFactor></customNormalizationFactor>
      <properties>
        <property key="Pairing" value="6"/>
        <property key="Treatment" value="Treated"/>
      </properties>
      <excluded>false</excluded>
      <quantityPositiveControl></quantityPositiveControl>
    </sample>
    <sample>
      <name>Sample16</name>
      <description></description>
      <sampleType>UNKNOWN</sampleType>
      <showSample>USE_PREFERENCES</showSample>
      <quantity></quantity>
      <customNormalizationFactor></customNormalizationFactor>
      <properties>
        <property key="Pairing" value="8"/>
        <property key="Treatment" value="Treated"/>
      </properties>
      <excluded>false</excluded>
      <quantityPositiveControl></quantityPositiveControl>
    </sample>
  </samples>
  <interrunCalibrators/>
  <runs>
    <run>
      <name>Run2-CFX_SYBR</name>
      <nbRows>8</nbRows>
      <nbColumns>12</nbColumns>
      <runType>RECTANGLE</runType>
      <date>2011-11-01</date>
      <wells>
        <well>
          <position>A1</position>
          <cq>21.28</cq>
          <excluded>false</excluded>
          <sample reference="../../../../../samples/sample[13]"/>
          <target reference="../../../../../referenceTargets/target"/>
        </well>
        <well>
          <position>A2</position>
          <cq>21.36</cq>
          <excluded>false</excluded>
          <sample reference="../../../../../samples/sample[13]"/>
          <target reference="../../../../../referenceTargets/target"/>
        </well>
        <well>
          <position>A3</position>
          <cq>22.93</cq>
          <excluded>false</excluded>
          <sample reference="../../../../../samples/sample[3]"/>
          <target reference="../../../../../referenceTargets/target"/>
        </well>
        <well>
          <position>A4</position>
          <cq>23.02</cq>
          <excluded>false</excluded>
          <sample reference="../../../../../samples/sample[3]"/>
          <target reference="../../../../../referenceTargets/target"/>
        </well>
        <well>
          <position>A5</position>
          <cq>21.83</cq>
          <excluded>false</excluded>
          <sample reference="../../../../../samples/sample[2]"/>
          <target reference="../../../../../referenceTargets/target"/>
        </well>
        <well>
          <position>A6</position>
          <cq>22.05</cq>
          <excluded>false</excluded>
          <sample reference="../../../../../samples/sample[2]"/>
          <target reference="../../../../../referenceTargets/target"/>
        </well>
        <well>
          <position>A7</position>
          <cq>23.25</cq>
          <excluded>false</excluded>
          <sample reference="../../../../../samples/sample[16]"/>
          <target reference="../../../../../referenceTargets/target"/>
        </well>
        <well>
          <position>A8</position>
          <cq>23.4</cq>
          <excluded>false</excluded>
          <sample reference="../../../../../samples/sample[16]"/>
          <target reference="../../../../../referenceTargets/target"/>
        </well>
        <well>
          <position>A9</position>
          <cq>23.0</cq>
          <excluded>false</excluded>
          <sample reference="../../../../../samples/sample[7]"/>
          <target reference="../../../../../referenceTargets/target"/>
        </well>
        <well>
          <position>A10</position>
          <cq>23.28</cq>
          <excluded>false</excluded>
          <sample reference="../../../../../samples/sample[7]"/>
          <target reference="../../../../../referenceTargets/target"/>
        </well>
        <well>
          <position>A11</position>
          <cq>22.27</cq>
          <excluded>false</excluded>
          <sample reference="../../../../../samples/sample[9]"/>
          <target reference="../../../../../referenceTargets/target"/>
        </well>
        <well>
          <position>A12</position>
          <cq>22.54</cq>
          <excluded>false</excluded>
          <sample reference="../../../../../samples/sample[9]"/>
          <target reference="../../../../../referenceTargets/target"/>
        </well>
        <well>
          <position>B1</position>
          <cq>23.04</cq>
          <excluded>false</excluded>
          <sample reference="../../../../../samples/sample[15]"/>
          <target reference="../../../../../referenceTargets/target"/>
        </well>
        <well>
          <position>B2</position>
          <cq>23.03</cq>
          <excluded>false</excluded>
          <sample reference="../../../../../samples/sample[15]"/>
          <target reference="../../../../../referenceTargets/target"/>
        </well>
        <well>
          <position>B3</position>
          <cq>21.77</cq>
          <excluded>false</excluded>
          <sample reference="../../../../../samples/sample[8]"/>
          <target reference="../../../../../referenceTargets/target"/>
        </well>
        <well>
          <position>B4</position>
          <cq>21.55</cq>
          <excluded>false</excluded>
          <sample reference="../../../../../samples/sample[8]"/>
          <target reference="../../../../../referenceTargets/target"/>
        </well>
        <well>
          <position>B5</position>
          <cq>22.12</cq>
          <excluded>false</excluded>
          <sample reference="../../../../../samples/sample[5]"/>
          <target reference="../../../../../referenceTargets/target"/>
        </well>
        <well>
          <position>B6</position>
          <cq>21.8</cq>
          <excluded>false</excluded>
          <sample reference="../../../../../samples/sample[5]"/>
          <target reference="../../../../../referenceTargets/target"/>
        </well>
        <well>
          <position>B7</position>
          <cq>22.39</cq>
          <excluded>false</excluded>
          <sample reference="../../../../../samples/sample"/>
          <target reference="../../../../../referenceTargets/target"/>
        </well>
        <well>
          <position>B8</position>
          <cq>22.45</cq>
          <excluded>false</excluded>
          <sample reference="../../../../../samples/sample"/>
          <target reference="../../../../../referenceTargets/target"/>
        </well>
        <well>
          <position>B9</position>
          <cq>21.86</cq>
          <excluded>false</excluded>
          <sample reference="../../../../../samples/sample[12]"/>
          <target reference="../../../../../referenceTargets/target"/>
        </well>
        <well>
          <position>B10</position>
          <cq>21.47</cq>
          <excluded>false</excluded>
          <sample reference="../../../../../samples/sample[12]"/>
          <target reference="../../../../../referenceTargets/target"/>
        </well>
        <well>
          <position>B11</position>
          <cq>22.04</cq>
          <excluded>false</excluded>
          <sample reference="../../../../../samples/sample[21]"/>
          <target reference="../../../../../referenceTargets/target"/>
        </well>
        <well>
          <position>B12</position>
          <cq>22.35</cq>
          <excluded>false</excluded>
          <sample reference="../../../../../samples/sample[21]"/>
          <target reference="../../../../../referenceTargets/target"/>
        </well>
        <well>
          <position>C1</position>
          <cq>26.44</cq>
          <excluded>false</excluded>
          <sample reference="../../../../../samples/sample[6]"/>
          <target reference="../../../../../referenceTargets/target"/>
        </well>
        <well>
          <position>C2</position>
          <cq>26.2</cq>
          <excluded>false</excluded>
          <sample reference="../../../../../samples/sample[6]"/>
          <target reference="../../../../../referenceTargets/target"/>
        </well>
        <well>
          <position>C3</position>
          <cq>21.91</cq>
          <excluded>false</excluded>
          <sample reference="../../../../../samples/sample[20]"/>
          <target reference="../../../../../referenceTargets/target"/>
        </well>
        <well>
          <position>C4</position>
          <cq>22.13</cq>
          <excluded>false</excluded>
          <sample reference="../../../../../samples/sample[20]"/>
          <target reference="../../../../../referenceTargets/target"/>
        </well>
        <well>
          <position>C5</position>
          <cq>22.22</cq>
          <excluded>false</excluded>
          <sample reference="../../../../../samples/sample[10]"/>
          <target reference="../../../../../referenceTargets/target"/>
        </well>
        <well>
          <position>C6</position>
          <cq>22.3</cq>
          <excluded>false</excluded>
          <sample reference="../../../../../samples/sample[10]"/>
          <target reference="../../../../../referenceTargets/target"/>
        </well>
        <well>
          <position>C7</position>
          <cq>23.08</cq>
          <excluded>false</excluded>
          <sample reference="../../../../../samples/sample[22]"/>
          <target reference="../../../../../referenceTargets/target"/>
        </well>
        <well>
          <position>C8</position>
          <cq>23.23</cq>
          <excluded>false</excluded>
          <sample reference="../../../../../samples/sample[22]"/>
          <target reference="../../../../../referenceTargets/target"/>
        </well>
        <well>
          <position>C9</position>
          <cq></cq>
          <excluded>false</excluded>
        </well>
        <well>
          <position>C10</position>
          <cq></cq>
          <excluded>false</excluded>
        </well>
        <well>
          <position>C11</position>
          <cq></cq>
          <excluded>false</excluded>
        </well>
        <well>
          <position>C12</position>
          <cq></cq>
          <excluded>false</excluded>
        </well>
        <well>
          <position>D1</position>
          <cq>20.4</cq>
          <excluded>false</excluded>
          <sample reference="../../../../../samples/sample[19]"/>
          <target reference="../../../../../referenceTargets/target"/>
        </well>
        <well>
          <position>D2</position>
          <cq>20.47</cq>
          <excluded>false</excluded>
          <sample reference="../../../../../samples/sample[19]"/>
          <target reference="../../../../../referenceTargets/target"/>
        </well>
        <well>
          <position>D3</position>
          <cq>22.33</cq>
          <excluded>false</excluded>
          <sample reference="../../../../../samples/sample[18]"/>
          <target reference="../../../../../referenceTargets/target"/>
        </well>
        <well>
          <position>D4</position>
          <cq>22.13</cq>
          <excluded>false</excluded>
          <sample reference="../../../../../samples/sample[18]"/>
          <target reference="../../../../../referenceTargets/target"/>
        </well>
        <well>
          <position>D5</position>
          <cq>24.26</cq>
          <excluded>false</excluded>
          <sample reference="../../../../../samples/sample[4]"/>
          <target reference="../../../../../referenceTargets/target"/>
        </well>
        <well>
          <position>D6</position>
          <cq>24.37</cq>
          <excluded>false</excluded>
          <sample reference="../../../../../samples/sample[4]"/>
          <target reference="../../../../../referenceTargets/target"/>
        </well>
        <well>
          <position>D7</position>
          <cq>26.19</cq>
          <excluded>false</excluded>
          <sample reference="../../../../../samples/sample[17]"/>
          <target reference="../../../../../referenceTargets/target"/>
        </well>
        <well>
          <position>D8</position>
          <cq>26.13</cq>
          <excluded>false</excluded>
          <sample reference="../../../../../samples/sample[17]"/>
          <target reference="../../../../../referenceTargets/target"/>
        </well>
        <well>
          <position>D9</position>
          <cq>28.12</cq>
          <excluded>false</excluded>
          <sample reference="../../../../../samples/sample[14]"/>
          <target reference="../../../../../referenceTargets/target"/>
        </well>
        <well>
          <position>D10</position>
          <cq>28.08</cq>
          <excluded>false</excluded>
          <sample reference="../../../../../samples/sample[14]"/>
          <target reference="../../../../../referenceTargets/target"/>
        </well>
        <well>
          <position>D11</position>
          <cq>34.2</cq>
          <excluded>false</excluded>
          <sample reference="../../../../../samples/sample[11]"/>
          <target reference="../../../../../referenceTargets/target"/>
        </well>
        <well>
          <position>D12</position>
          <cq></cq>
          <excluded>false</excluded>
          <sample reference="../../../../../samples/sample[11]"/>
          <target reference="../../../../../referenceTargets/target"/>
        </well>
        <well>
          <position>E1</position>
          <cq>25.35</cq>
          <excluded>false</excluded>
          <sample reference="../../../../../samples/sample[13]"/>
          <target reference="../../../../../targetsOfInterest/target[4]"/>
        </well>
        <well>
          <position>E2</position>
          <cq>25.35</cq>
          <excluded>false</excluded>
          <sample reference="../../../../../samples/sample[13]"/>
          <target reference="../../../../../targetsOfInterest/target[4]"/>
        </well>
        <well>
          <position>E3</position>
          <cq>26.91</cq>
          <excluded>false</excluded>
          <sample reference="../../../../../samples/sample[3]"/>
          <target reference="../../../../../targetsOfInterest/target[4]"/>
        </well>
        <well>
          <position>E4</position>
          <cq>26.83</cq>
          <excluded>false</excluded>
          <sample reference="../../../../../samples/sample[3]"/>
          <target reference="../../../../../targetsOfInterest/target[4]"/>
        </well>
        <well>
          <position>E5</position>
          <cq>26.17</cq>
          <excluded>false</excluded>
          <sample reference="../../../../../samples/sample[2]"/>
          <target reference="../../../../../targetsOfInterest/target[4]"/>
        </well>
        <well>
          <position>E6</position>
          <cq>26.5</cq>
          <excluded>false</excluded>
          <sample reference="../../../../../samples/sample[2]"/>
          <target reference="../../../../../targetsOfInterest/target[4]"/>
        </well>
        <well>
          <position>E7</position>
          <cq>28.05</cq>
          <excluded>false</excluded>
          <sample reference="../../../../../samples/sample[16]"/>
          <target reference="../../../../../targetsOfInterest/target[4]"/>
        </well>
        <well>
          <position>E8</position>
          <cq>28.27</cq>
          <excluded>false</excluded>
          <sample reference="../../../../../samples/sample[16]"/>
          <target reference="../../../../../targetsOfInterest/target[4]"/>
        </well>
        <well>
          <position>E9</position>
          <cq>27.71</cq>
          <excluded>false</excluded>
          <sample reference="../../../../../samples/sample[7]"/>
          <target reference="../../../../../targetsOfInterest/target[4]"/>
        </well>
        <well>
          <position>E10</position>
          <cq>27.93</cq>
          <excluded>false</excluded>
          <sample reference="../../../../../samples/sample[7]"/>
          <target reference="../../../../../targetsOfInterest/target[4]"/>
        </well>
        <well>
          <position>E11</position>
          <cq>27.31</cq>
          <excluded>false</excluded>
          <sample reference="../../../../../samples/sample[9]"/>
          <target reference="../../../../../targetsOfInterest/target[4]"/>
        </well>
        <well>
          <position>E12</position>
          <cq>27.38</cq>
          <excluded>false</excluded>
          <sample reference="../../../../../samples/sample[9]"/>
          <target reference="../../../../../targetsOfInterest/target[4]"/>
        </well>
        <well>
          <position>F1</position>
          <cq>26.84</cq>
          <excluded>false</excluded>
          <sample reference="../../../../../samples/sample[15]"/>
          <target reference="../../../../../targetsOfInterest/target[4]"/>
        </well>
        <well>
          <position>F2</position>
          <cq>26.85</cq>
          <excluded>false</excluded>
          <sample reference="../../../../../samples/sample[15]"/>
          <target reference="../../../../../targetsOfInterest/target[4]"/>
        </well>
        <well>
          <position>F3</position>
          <cq>25.51</cq>
          <excluded>false</excluded>
          <sample reference="../../../../../samples/sample[8]"/>
          <target reference="../../../../../targetsOfInterest/target[4]"/>
        </well>
        <well>
          <position>F4</position>
          <cq>25.79</cq>
          <excluded>false</excluded>
          <sample reference="../../../../../samples/sample[8]"/>
          <target reference="../../../../../targetsOfInterest/target[4]"/>
        </well>
        <well>
          <position>F5</position>
          <cq>26.17</cq>
          <excluded>false</excluded>
          <sample reference="../../../../../samples/sample[5]"/>
          <target reference="../../../../../targetsOfInterest/target[4]"/>
        </well>
        <well>
          <position>F6</position>
          <cq>26.12</cq>
          <excluded>false</excluded>
          <sample reference="../../../../../samples/sample[5]"/>
          <target reference="../../../../../targetsOfInterest/target[4]"/>
        </well>
        <well>
          <position>F7</position>
          <cq>27.45</cq>
          <excluded>false</excluded>
          <sample reference="../../../../../samples/sample"/>
          <target reference="../../../../../targetsOfInterest/target[4]"/>
        </well>
        <well>
          <position>F8</position>
          <cq>27.23</cq>
          <excluded>false</excluded>
          <sample reference="../../../../../samples/sample"/>
          <target reference="../../../../../targetsOfInterest/target[4]"/>
        </well>
        <well>
          <position>F9</position>
          <cq>26.56</cq>
          <excluded>false</excluded>
          <sample reference="../../../../../samples/sample[12]"/>
          <target reference="../../../../../targetsOfInterest/target[4]"/>
        </well>
        <well>
          <position>F10</position>
          <cq>26.76</cq>
          <excluded>false</excluded>
          <sample reference="../../../../../samples/sample[12]"/>
          <target reference="../../../../../targetsOfInterest/target[4]"/>
        </well>
        <well>
          <position>F11</position>
          <cq>27.27</cq>
          <excluded>false</excluded>
          <sample reference="../../../../../samples/sample[21]"/>
          <target reference="../../../../../targetsOfInterest/target[4]"/>
        </well>
        <well>
          <position>F12</position>
          <cq>27.47</cq>
          <excluded>false</excluded>
          <sample reference="../../../../../samples/sample[21]"/>
          <target reference="../../../../../targetsOfInterest/target[4]"/>
        </well>
        <well>
          <position>G1</position>
          <cq></cq>
          <excluded>false</excluded>
          <sample reference="../../../../../samples/sample[6]"/>
          <target reference="../../../../../targetsOfInterest/target[4]"/>
        </well>
        <well>
          <position>G2</position>
          <cq>31.14</cq>
          <excluded>false</excluded>
          <sample reference="../../../../../samples/sample[6]"/>
          <target reference="../../../../../targetsOfInterest/target[4]"/>
        </well>
        <well>
          <position>G3</position>
          <cq>25.2</cq>
          <excluded>false</excluded>
          <sample reference="../../../../../samples/sample[20]"/>
          <target reference="../../../../../targetsOfInterest/target[4]"/>
        </well>
        <well>
          <position>G4</position>
          <cq>25.17</cq>
          <excluded>false</excluded>
          <sample reference="../../../../../samples/sample[20]"/>
          <target reference="../../../../../targetsOfInterest/target[4]"/>
        </well>
        <well>
          <position>G5</position>
          <cq>27.42</cq>
          <excluded>false</excluded>
          <sample reference="../../../../../samples/sample[10]"/>
          <target reference="../../../../../targetsOfInterest/target[4]"/>
        </well>
        <well>
          <position>G6</position>
          <cq>27.81</cq>
          <excluded>false</excluded>
          <sample reference="../../../../../samples/sample[10]"/>
          <target reference="../../../../../targetsOfInterest/target[4]"/>
        </well>
        <well>
          <position>G7</position>
          <cq>27.69</cq>
          <excluded>false</excluded>
          <sample reference="../../../../../samples/sample[22]"/>
          <target reference="../../../../../targetsOfInterest/target[4]"/>
        </well>
        <well>
          <position>G8</position>
          <cq>27.41</cq>
          <excluded>false</excluded>
          <sample reference="../../../../../samples/sample[22]"/>
          <target reference="../../../../../targetsOfInterest/target[4]"/>
        </well>
        <well>
          <position>G9</position>
          <cq></cq>
          <excluded>false</excluded>
        </well>
        <well>
          <position>G10</position>
          <cq></cq>
          <excluded>false</excluded>
        </well>
        <well>
          <position>G11</position>
          <cq></cq>
          <excluded>false</excluded>
        </well>
        <well>
          <position>G12</position>
          <cq></cq>
          <excluded>false</excluded>
        </well>
        <well>
          <position>H1</position>
          <cq>23.01</cq>
          <excluded>false</excluded>
          <sample reference="../../../../../samples/sample[19]"/>
          <target reference="../../../../../targetsOfInterest/target[4]"/>
        </well>
        <well>
          <position>H2</position>
          <cq>23.29</cq>
          <excluded>false</excluded>
          <sample reference="../../../../../samples/sample[19]"/>
          <target reference="../../../../../targetsOfInterest/target[4]"/>
        </well>
        <well>
          <position>H3</position>
          <cq>25.09</cq>
          <excluded>false</excluded>
          <sample reference="../../../../../samples/sample[18]"/>
          <target reference="../../../../../targetsOfInterest/target[4]"/>
        </well>
        <well>
          <position>H4</position>
          <cq>24.89</cq>
          <excluded>false</excluded>
          <sample reference="../../../../../samples/sample[18]"/>
          <target reference="../../../../../targetsOfInterest/target[4]"/>
        </well>
        <well>
          <position>H5</position>
          <cq>27.17</cq>
          <excluded>false</excluded>
          <sample reference="../../../../../samples/sample[4]"/>
          <target reference="../../../../../targetsOfInterest/target[4]"/>
        </well>
        <well>
          <position>H6</position>
          <cq>27.31</cq>
          <excluded>false</excluded>
          <sample reference="../../../../../samples/sample[4]"/>
          <target reference="../../../../../targetsOfInterest/target[4]"/>
        </well>
        <well>
          <position>H7</position>
          <cq>29.25</cq>
          <excluded>false</excluded>
          <sample reference="../../../../../samples/sample[17]"/>
          <target reference="../../../../../targetsOfInterest/target[4]"/>
        </well>
        <well>
          <position>H8</position>
          <cq>29.36</cq>
          <excluded>false</excluded>
          <sample reference="../../../../../samples/sample[17]"/>
          <target reference="../../../../../targetsOfInterest/target[4]"/>
        </well>
        <well>
          <position>H9</position>
          <cq>31.33</cq>
          <excluded>false</excluded>
          <sample reference="../../../../../samples/sample[14]"/>
          <target reference="../../../../../targetsOfInterest/target[4]"/>
        </well>
        <well>
          <position>H10</position>
          <cq>31.17</cq>
          <excluded>false</excluded>
          <sample reference="../../../../../samples/sample[14]"/>
          <target reference="../../../../../targetsOfInterest/target[4]"/>
        </well>
        <well>
          <position>H11</position>
          <cq></cq>
          <excluded>false</excluded>
          <sample reference="../../../../../samples/sample[11]"/>
          <target reference="../../../../../targetsOfInterest/target[4]"/>
        </well>
        <well>
          <position>H12</position>
          <cq></cq>
          <excluded>false</excluded>
          <sample reference="../../../../../samples/sample[11]"/>
          <target reference="../../../../../targetsOfInterest/target[4]"/>
        </well>
      </wells>
    </run>
    <run>
      <name>Run3-CFX_SYBR</name>
      <nbRows>8</nbRows>
      <nbColumns>12</nbColumns>
      <runType>RECTANGLE</runType>
      <date>2011-11-01</date>
      <wells>
        <well>
          <position>A1</position>
          <cq>22.65</cq>
          <excluded>false</excluded>
          <sample reference="../../../../../samples/sample[13]"/>
          <target reference="../../../../../targetsOfInterest/target[2]"/>
        </well>
        <well>
          <position>A2</position>
          <cq>22.96</cq>
          <excluded>false</excluded>
          <sample reference="../../../../../samples/sample[13]"/>
          <target reference="../../../../../targetsOfInterest/target[2]"/>
        </well>
        <well>
          <position>A3</position>
          <cq>26.05</cq>
          <excluded>false</excluded>
          <sample reference="../../../../../samples/sample[3]"/>
          <target reference="../../../../../targetsOfInterest/target[2]"/>
        </well>
        <well>
          <position>A4</position>
          <cq>25.84</cq>
          <excluded>false</excluded>
          <sample reference="../../../../../samples/sample[3]"/>
          <target reference="../../../../../targetsOfInterest/target[2]"/>
        </well>
        <well>
          <position>A5</position>
          <cq>23.17</cq>
          <excluded>false</excluded>
          <sample reference="../../../../../samples/sample[2]"/>
          <target reference="../../../../../targetsOfInterest/target[2]"/>
        </well>
        <well>
          <position>A6</position>
          <cq>23.32</cq>
          <excluded>false</excluded>
          <sample reference="../../../../../samples/sample[2]"/>
          <target reference="../../../../../targetsOfInterest/target[2]"/>
        </well>
        <well>
          <position>A7</position>
          <cq>26.69</cq>
          <excluded>false</excluded>
          <sample reference="../../../../../samples/sample[16]"/>
          <target reference="../../../../../targetsOfInterest/target[2]"/>
        </well>
        <well>
          <position>A8</position>
          <cq>26.43</cq>
          <excluded>false</excluded>
          <sample reference="../../../../../samples/sample[16]"/>
          <target reference="../../../../../targetsOfInterest/target[2]"/>
        </well>
        <well>
          <position>A9</position>
          <cq>24.33</cq>
          <excluded>false</excluded>
          <sample reference="../../../../../samples/sample[7]"/>
          <target reference="../../../../../targetsOfInterest/target[2]"/>
        </well>
        <well>
          <position>A10</position>
          <cq>28.24</cq>
          <excluded>true</excluded>
          <sample reference="../../../../../samples/sample[7]"/>
          <target reference="../../../../../targetsOfInterest/target[2]"/>
        </well>
        <well>
          <position>A11</position>
          <cq>25.82</cq>
          <excluded>false</excluded>
          <sample reference="../../../../../samples/sample[9]"/>
          <target reference="../../../../../targetsOfInterest/target[2]"/>
        </well>
        <well>
          <position>A12</position>
          <cq>25.73</cq>
          <excluded>false</excluded>
          <sample reference="../../../../../samples/sample[9]"/>
          <target reference="../../../../../targetsOfInterest/target[2]"/>
        </well>
        <well>
          <position>B1</position>
          <cq>24.3</cq>
          <excluded>false</excluded>
          <sample reference="../../../../../samples/sample[15]"/>
          <target reference="../../../../../targetsOfInterest/target[2]"/>
        </well>
        <well>
          <position>B2</position>
          <cq>24.55</cq>
          <excluded>false</excluded>
          <sample reference="../../../../../samples/sample[15]"/>
          <target reference="../../../../../targetsOfInterest/target[2]"/>
        </well>
        <well>
          <position>B3</position>
          <cq>25.08</cq>
          <excluded>false</excluded>
          <sample reference="../../../../../samples/sample[8]"/>
          <target reference="../../../../../targetsOfInterest/target[2]"/>
        </well>
        <well>
          <position>B4</position>
          <cq>25.32</cq>
          <excluded>false</excluded>
          <sample reference="../../../../../samples/sample[8]"/>
          <target reference="../../../../../targetsOfInterest/target[2]"/>
        </well>
        <well>
          <position>B5</position>
          <cq>23.27</cq>
          <excluded>false</excluded>
          <sample reference="../../../../../samples/sample[5]"/>
          <target reference="../../../../../targetsOfInterest/target[2]"/>
        </well>
        <well>
          <position>B6</position>
          <cq>22.9</cq>
          <excluded>false</excluded>
          <sample reference="../../../../../samples/sample[5]"/>
          <target reference="../../../../../targetsOfInterest/target[2]"/>
        </well>
        <well>
          <position>B7</position>
          <cq>25.61</cq>
          <excluded>false</excluded>
          <sample reference="../../../../../samples/sample"/>
          <target reference="../../../../../targetsOfInterest/target[2]"/>
        </well>
        <well>
          <position>B8</position>
          <cq>25.98</cq>
          <excluded>false</excluded>
          <sample reference="../../../../../samples/sample"/>
          <target reference="../../../../../targetsOfInterest/target[2]"/>
        </well>
        <well>
          <position>B9</position>
          <cq>22.7</cq>
          <excluded>false</excluded>
          <sample reference="../../../../../samples/sample[12]"/>
          <target reference="../../../../../targetsOfInterest/target[2]"/>
        </well>
        <well>
          <position>B10</position>
          <cq>22.83</cq>
          <excluded>false</excluded>
          <sample reference="../../../../../samples/sample[12]"/>
          <target reference="../../../../../targetsOfInterest/target[2]"/>
        </well>
        <well>
          <position>B11</position>
          <cq>25.63</cq>
          <excluded>false</excluded>
          <sample reference="../../../../../samples/sample[21]"/>
          <target reference="../../../../../targetsOfInterest/target[2]"/>
        </well>
        <well>
          <position>B12</position>
          <cq>25.99</cq>
          <excluded>false</excluded>
          <sample reference="../../../../../samples/sample[21]"/>
          <target reference="../../../../../targetsOfInterest/target[2]"/>
        </well>
        <well>
          <position>C1</position>
          <cq>27.93</cq>
          <excluded>false</excluded>
          <sample reference="../../../../../samples/sample[6]"/>
          <target reference="../../../../../targetsOfInterest/target[2]"/>
        </well>
        <well>
          <position>C2</position>
          <cq>27.88</cq>
          <excluded>false</excluded>
          <sample reference="../../../../../samples/sample[6]"/>
          <target reference="../../../../../targetsOfInterest/target[2]"/>
        </well>
        <well>
          <position>C3</position>
          <cq>24.96</cq>
          <excluded>false</excluded>
          <sample reference="../../../../../samples/sample[20]"/>
          <target reference="../../../../../targetsOfInterest/target[2]"/>
        </well>
        <well>
          <position>C4</position>
          <cq>24.83</cq>
          <excluded>false</excluded>
          <sample reference="../../../../../samples/sample[20]"/>
          <target reference="../../../../../targetsOfInterest/target[2]"/>
        </well>
        <well>
          <position>C5</position>
          <cq>23.37</cq>
          <excluded>false</excluded>
          <sample reference="../../../../../samples/sample[10]"/>
          <target reference="../../../../../targetsOfInterest/target[2]"/>
        </well>
        <well>
          <position>C6</position>
          <cq>23.52</cq>
          <excluded>false</excluded>
          <sample reference="../../../../../samples/sample[10]"/>
          <target reference="../../../../../targetsOfInterest/target[2]"/>
        </well>
        <well>
          <position>C7</position>
          <cq>26.42</cq>
          <excluded>false</excluded>
          <sample reference="../../../../../samples/sample[22]"/>
          <target reference="../../../../../targetsOfInterest/target[2]"/>
        </well>
        <well>
          <position>C8</position>
          <cq>26.82</cq>
          <excluded>false</excluded>
          <sample reference="../../../../../samples/sample[22]"/>
          <target reference="../../../../../targetsOfInterest/target[2]"/>
        </well>
        <well>
          <position>C9</position>
          <cq></cq>
          <excluded>false</excluded>
        </well>
        <well>
          <position>C10</position>
          <cq></cq>
          <excluded>false</excluded>
        </well>
        <well>
          <position>C11</position>
          <cq></cq>
          <excluded>false</excluded>
        </well>
        <well>
          <position>C12</position>
          <cq></cq>
          <excluded>false</excluded>
        </well>
        <well>
          <position>D1</position>
          <cq>22.87</cq>
          <excluded>false</excluded>
          <sample reference="../../../../../samples/sample[19]"/>
          <target reference="../../../../../targetsOfInterest/target[2]"/>
        </well>
        <well>
          <position>D2</position>
          <cq>22.61</cq>
          <excluded>false</excluded>
          <sample reference="../../../../../samples/sample[19]"/>
          <target reference="../../../../../targetsOfInterest/target[2]"/>
        </well>
        <well>
          <position>D3</position>
          <cq>24.91</cq>
          <excluded>false</excluded>
          <sample reference="../../../../../samples/sample[18]"/>
          <target reference="../../../../../targetsOfInterest/target[2]"/>
        </well>
        <well>
          <position>D4</position>
          <cq>24.87</cq>
          <excluded>false</excluded>
          <sample reference="../../../../../samples/sample[18]"/>
          <target reference="../../../../../targetsOfInterest/target[2]"/>
        </well>
        <well>
          <position>D5</position>
          <cq>26.95</cq>
          <excluded>false</excluded>
          <sample reference="../../../../../samples/sample[4]"/>
          <target reference="../../../../../targetsOfInterest/target[2]"/>
        </well>
        <well>
          <position>D6</position>
          <cq>27.24</cq>
          <excluded>false</excluded>
          <sample reference="../../../../../samples/sample[4]"/>
          <target reference="../../../../../targetsOfInterest/target[2]"/>
        </well>
        <well>
          <position>D7</position>
          <cq>28.99</cq>
          <excluded>false</excluded>
          <sample reference="../../../../../samples/sample[17]"/>
          <target reference="../../../../../targetsOfInterest/target[2]"/>
        </well>
        <well>
          <position>D8</position>
          <cq>28.73</cq>
          <excluded>false</excluded>
          <sample reference="../../../../../samples/sample[17]"/>
          <target reference="../../../../../targetsOfInterest/target[2]"/>
        </well>
        <well>
          <position>D9</position>
          <cq>31.03</cq>
          <excluded>false</excluded>
          <sample reference="../../../../../samples/sample[14]"/>
          <target reference="../../../../../targetsOfInterest/target[2]"/>
        </well>
        <well>
          <position>D10</position>
          <cq>31.05</cq>
          <excluded>false</excluded>
          <sample reference="../../../../../samples/sample[14]"/>
          <target reference="../../../../../targetsOfInterest/target[2]"/>
        </well>
        <well>
          <position>D11</position>
          <cq></cq>
          <excluded>false</excluded>
          <sample reference="../../../../../samples/sample[11]"/>
          <target reference="../../../../../targetsOfInterest/target[2]"/>
        </well>
        <well>
          <position>D12</position>
          <cq></cq>
          <excluded>false</excluded>
          <sample reference="../../../../../samples/sample[11]"/>
          <target reference="../../../../../targetsOfInterest/target[2]"/>
        </well>
        <well>
          <position>E1</position>
          <cq>21.46</cq>
          <excluded>false</excluded>
          <sample reference="../../../../../samples/sample[13]"/>
          <target reference="../../../../../targetsOfInterest/target[3]"/>
        </well>
        <well>
          <position>E2</position>
          <cq>21.59</cq>
          <excluded>false</excluded>
          <sample reference="../../../../../samples/sample[13]"/>
          <target reference="../../../../../targetsOfInterest/target[3]"/>
        </well>
        <well>
          <position>E3</position>
          <cq>23.04</cq>
          <excluded>false</excluded>
          <sample reference="../../../../../samples/sample[3]"/>
          <target reference="../../../../../targetsOfInterest/target[3]"/>
        </well>
        <well>
          <position>E4</position>
          <cq>22.86</cq>
          <excluded>false</excluded>
          <sample reference="../../../../../samples/sample[3]"/>
          <target reference="../../../../../targetsOfInterest/target[3]"/>
        </well>
        <well>
          <position>E5</position>
          <cq>21.78</cq>
          <excluded>false</excluded>
          <sample reference="../../../../../samples/sample[2]"/>
          <target reference="../../../../../targetsOfInterest/target[3]"/>
        </well>
        <well>
          <position>E6</position>
          <cq>21.67</cq>
          <excluded>false</excluded>
          <sample reference="../../../../../samples/sample[2]"/>
          <target reference="../../../../../targetsOfInterest/target[3]"/>
        </well>
        <well>
          <position>E7</position>
          <cq>23.34</cq>
          <excluded>false</excluded>
          <sample reference="../../../../../samples/sample[16]"/>
          <target reference="../../../../../targetsOfInterest/target[3]"/>
        </well>
        <well>
          <position>E8</position>
          <cq>23.0</cq>
          <excluded>false</excluded>
          <sample reference="../../../../../samples/sample[16]"/>
          <target reference="../../../../../targetsOfInterest/target[3]"/>
        </well>
        <well>
          <position>E9</position>
          <cq>22.58</cq>
          <excluded>false</excluded>
          <sample reference="../../../../../samples/sample[7]"/>
          <target reference="../../../../../targetsOfInterest/target[3]"/>
        </well>
        <well>
          <position>E10</position>
          <cq>22.84</cq>
          <excluded>false</excluded>
          <sample reference="../../../../../samples/sample[7]"/>
          <target reference="../../../../../targetsOfInterest/target[3]"/>
        </well>
        <well>
          <position>E11</position>
          <cq>21.99</cq>
          <excluded>false</excluded>
          <sample reference="../../../../../samples/sample[9]"/>
          <target reference="../../../../../targetsOfInterest/target[3]"/>
        </well>
        <well>
          <position>E12</position>
          <cq>22.24</cq>
          <excluded>false</excluded>
          <sample reference="../../../../../samples/sample[9]"/>
          <target reference="../../../../../targetsOfInterest/target[3]"/>
        </well>
        <well>
          <position>F1</position>
          <cq>23.67</cq>
          <excluded>false</excluded>
          <sample reference="../../../../../samples/sample[15]"/>
          <target reference="../../../../../targetsOfInterest/target[3]"/>
        </well>
        <well>
          <position>F2</position>
          <cq>23.91</cq>
          <excluded>false</excluded>
          <sample reference="../../../../../samples/sample[15]"/>
          <target reference="../../../../../targetsOfInterest/target[3]"/>
        </well>
        <well>
          <position>F3</position>
          <cq>22.16</cq>
          <excluded>false</excluded>
          <sample reference="../../../../../samples/sample[8]"/>
          <target reference="../../../../../targetsOfInterest/target[3]"/>
        </well>
        <well>
          <position>F4</position>
          <cq>21.98</cq>
          <excluded>false</excluded>
          <sample reference="../../../../../samples/sample[8]"/>
          <target reference="../../../../../targetsOfInterest/target[3]"/>
        </well>
        <well>
          <position>F5</position>
          <cq>22.43</cq>
          <excluded>false</excluded>
          <sample reference="../../../../../samples/sample[5]"/>
          <target reference="../../../../../targetsOfInterest/target[3]"/>
        </well>
        <well>
          <position>F6</position>
          <cq>22.07</cq>
          <excluded>false</excluded>
          <sample reference="../../../../../samples/sample[5]"/>
          <target reference="../../../../../targetsOfInterest/target[3]"/>
        </well>
        <well>
          <position>F7</position>
          <cq>22.25</cq>
          <excluded>false</excluded>
          <sample reference="../../../../../samples/sample"/>
          <target reference="../../../../../targetsOfInterest/target[3]"/>
        </well>
        <well>
          <position>F8</position>
          <cq>22.63</cq>
          <excluded>false</excluded>
          <sample reference="../../../../../samples/sample"/>
          <target reference="../../../../../targetsOfInterest/target[3]"/>
        </well>
        <well>
          <position>F9</position>
          <cq>21.61</cq>
          <excluded>false</excluded>
          <sample reference="../../../../../samples/sample[12]"/>
          <target reference="../../../../../targetsOfInterest/target[3]"/>
        </well>
        <well>
          <position>F10</position>
          <cq>21.22</cq>
          <excluded>false</excluded>
          <sample reference="../../../../../samples/sample[12]"/>
          <target reference="../../../../../targetsOfInterest/target[3]"/>
        </well>
        <well>
          <position>F11</position>
          <cq>21.74</cq>
          <excluded>false</excluded>
          <sample reference="../../../../../samples/sample[21]"/>
          <target reference="../../../../../targetsOfInterest/target[3]"/>
        </well>
        <well>
          <position>F12</position>
          <cq>21.57</cq>
          <excluded>false</excluded>
          <sample reference="../../../../../samples/sample[21]"/>
          <target reference="../../../../../targetsOfInterest/target[3]"/>
        </well>
        <well>
          <position>G1</position>
          <cq>27.15</cq>
          <excluded>false</excluded>
          <sample reference="../../../../../samples/sample[6]"/>
          <target reference="../../../../../targetsOfInterest/target[3]"/>
        </well>
        <well>
          <position>G2</position>
          <cq>27.43</cq>
          <excluded>false</excluded>
          <sample reference="../../../../../samples/sample[6]"/>
          <target reference="../../../../../targetsOfInterest/target[3]"/>
        </well>
        <well>
          <position>G3</position>
          <cq>21.13</cq>
          <excluded>false</excluded>
          <sample reference="../../../../../samples/sample[20]"/>
          <target reference="../../../../../targetsOfInterest/target[3]"/>
        </well>
        <well>
          <position>G4</position>
          <cq>21.09</cq>
          <excluded>false</excluded>
          <sample reference="../../../../../samples/sample[20]"/>
          <target reference="../../../../../targetsOfInterest/target[3]"/>
        </well>
        <well>
          <position>G5</position>
          <cq>22.16</cq>
          <excluded>false</excluded>
          <sample reference="../../../../../samples/sample[10]"/>
          <target reference="../../../../../targetsOfInterest/target[3]"/>
        </well>
        <well>
          <position>G6</position>
          <cq>22.06</cq>
          <excluded>false</excluded>
          <sample reference="../../../../../samples/sample[10]"/>
          <target reference="../../../../../targetsOfInterest/target[3]"/>
        </well>
        <well>
          <position>G7</position>
          <cq>22.96</cq>
          <excluded>false</excluded>
          <sample reference="../../../../../samples/sample[22]"/>
          <target reference="../../../../../targetsOfInterest/target[3]"/>
        </well>
        <well>
          <position>G8</position>
          <cq>22.93</cq>
          <excluded>false</excluded>
          <sample reference="../../../../../samples/sample[22]"/>
          <target reference="../../../../../targetsOfInterest/target[3]"/>
        </well>
        <well>
          <position>G9</position>
          <cq></cq>
          <excluded>false</excluded>
        </well>
        <well>
          <position>G10</position>
          <cq></cq>
          <excluded>false</excluded>
        </well>
        <well>
          <position>G11</position>
          <cq></cq>
          <excluded>false</excluded>
        </well>
        <well>
          <position>G12</position>
          <cq></cq>
          <excluded>false</excluded>
        </well>
        <well>
          <position>H1</position>
          <cq>17.49</cq>
          <excluded>false</excluded>
          <sample reference="../../../../../samples/sample[19]"/>
          <target reference="../../../../../targetsOfInterest/target[3]"/>
        </well>
        <well>
          <position>H2</position>
          <cq>17.81</cq>
          <excluded>false</excluded>
          <sample reference="../../../../../samples/sample[19]"/>
          <target reference="../../../../../targetsOfInterest/target[3]"/>
        </well>
        <well>
          <position>H3</position>
          <cq>19.67</cq>
          <excluded>false</excluded>
          <sample reference="../../../../../samples/sample[18]"/>
          <target reference="../../../../../targetsOfInterest/target[3]"/>
        </well>
        <well>
          <position>H4</position>
          <cq>19.51</cq>
          <excluded>false</excluded>
          <sample reference="../../../../../samples/sample[18]"/>
          <target reference="../../../../../targetsOfInterest/target[3]"/>
        </well>
        <well>
          <position>H5</position>
          <cq>21.85</cq>
          <excluded>false</excluded>
          <sample reference="../../../../../samples/sample[4]"/>
          <target reference="../../../../../targetsOfInterest/target[3]"/>
        </well>
        <well>
          <position>H6</position>
          <cq>21.97</cq>
          <excluded>false</excluded>
          <sample reference="../../../../../samples/sample[4]"/>
          <target reference="../../../../../targetsOfInterest/target[3]"/>
        </well>
        <well>
          <position>H7</position>
          <cq>24.03</cq>
          <excluded>false</excluded>
          <sample reference="../../../../../samples/sample[17]"/>
          <target reference="../../../../../targetsOfInterest/target[3]"/>
        </well>
        <well>
          <position>H8</position>
          <cq>24.2</cq>
          <excluded>false</excluded>
          <sample reference="../../../../../samples/sample[17]"/>
          <target reference="../../../../../targetsOfInterest/target[3]"/>
        </well>
        <well>
          <position>H9</position>
          <cq>26.07</cq>
          <excluded>false</excluded>
          <sample reference="../../../../../samples/sample[14]"/>
          <target reference="../../../../../targetsOfInterest/target[3]"/>
        </well>
        <well>
          <position>H10</position>
          <cq>29.73</cq>
          <excluded>true</excluded>
          <sample reference="../../../../../samples/sample[14]"/>
          <target reference="../../../../../targetsOfInterest/target[3]"/>
        </well>
        <well>
          <position>H11</position>
          <cq>38.0</cq>
          <excluded>false</excluded>
          <sample reference="../../../../../samples/sample[11]"/>
          <target reference="../../../../../targetsOfInterest/target[3]"/>
        </well>
        <well>
          <position>H12</position>
          <cq></cq>
          <excluded>false</excluded>
          <sample reference="../../../../../samples/sample[11]"/>
          <target reference="../../../../../targetsOfInterest/target[3]"/>
        </well>
      </wells>
    </run>
    <run>
      <name>Run1-CFX_SYBR</name>
      <nbRows>8</nbRows>
      <nbColumns>12</nbColumns>
      <runType>RECTANGLE</runType>
      <date>2011-11-01</date>
      <wells>
        <well>
          <position>A1</position>
          <cq>27.99</cq>
          <excluded>false</excluded>
          <sample reference="../../../../../samples/sample[13]"/>
          <target reference="../../../../../referenceTargets/target[2]"/>
        </well>
        <well>
          <position>A2</position>
          <cq>28.12</cq>
          <excluded>false</excluded>
          <sample reference="../../../../../samples/sample[13]"/>
          <target reference="../../../../../referenceTargets/target[2]"/>
        </well>
        <well>
          <position>A3</position>
          <cq>29.1</cq>
          <excluded>false</excluded>
          <sample reference="../../../../../samples/sample[3]"/>
          <target reference="../../../../../referenceTargets/target[2]"/>
        </well>
        <well>
          <position>A4</position>
          <cq>29.03</cq>
          <excluded>false</excluded>
          <sample reference="../../../../../samples/sample[3]"/>
          <target reference="../../../../../referenceTargets/target[2]"/>
        </well>
        <well>
          <position>A5</position>
          <cq>28.34</cq>
          <excluded>false</excluded>
          <sample reference="../../../../../samples/sample[2]"/>
          <target reference="../../../../../referenceTargets/target[2]"/>
        </well>
        <well>
          <position>A6</position>
          <cq>28.66</cq>
          <excluded>false</excluded>
          <sample reference="../../../../../samples/sample[2]"/>
          <target reference="../../../../../referenceTargets/target[2]"/>
        </well>
        <well>
          <position>A7</position>
          <cq>29.92</cq>
          <excluded>false</excluded>
          <sample reference="../../../../../samples/sample[16]"/>
          <target reference="../../../../../referenceTargets/target[2]"/>
        </well>
        <well>
          <position>A8</position>
          <cq>29.91</cq>
          <excluded>false</excluded>
          <sample reference="../../../../../samples/sample[16]"/>
          <target reference="../../../../../referenceTargets/target[2]"/>
        </well>
        <well>
          <position>A9</position>
          <cq>29.59</cq>
          <excluded>false</excluded>
          <sample reference="../../../../../samples/sample[7]"/>
          <target reference="../../../../../referenceTargets/target[2]"/>
        </well>
        <well>
          <position>A10</position>
          <cq>29.7</cq>
          <excluded>false</excluded>
          <sample reference="../../../../../samples/sample[7]"/>
          <target reference="../../../../../referenceTargets/target[2]"/>
        </well>
        <well>
          <position>A11</position>
          <cq>28.76</cq>
          <excluded>false</excluded>
          <sample reference="../../../../../samples/sample[9]"/>
          <target reference="../../../../../referenceTargets/target[2]"/>
        </well>
        <well>
          <position>A12</position>
          <cq>28.43</cq>
          <excluded>false</excluded>
          <sample reference="../../../../../samples/sample[9]"/>
          <target reference="../../../../../referenceTargets/target[2]"/>
        </well>
        <well>
          <position>B1</position>
          <cq>29.7</cq>
          <excluded>false</excluded>
          <sample reference="../../../../../samples/sample[15]"/>
          <target reference="../../../../../referenceTargets/target[2]"/>
        </well>
        <well>
          <position>B2</position>
          <cq>29.44</cq>
          <excluded>false</excluded>
          <sample reference="../../../../../samples/sample[15]"/>
          <target reference="../../../../../referenceTargets/target[2]"/>
        </well>
        <well>
          <position>B3</position>
          <cq>28.39</cq>
          <excluded>false</excluded>
          <sample reference="../../../../../samples/sample[8]"/>
          <target reference="../../../../../referenceTargets/target[2]"/>
        </well>
        <well>
          <position>B4</position>
          <cq>28.0</cq>
          <excluded>false</excluded>
          <sample reference="../../../../../samples/sample[8]"/>
          <target reference="../../../../../referenceTargets/target[2]"/>
        </well>
        <well>
          <position>B5</position>
          <cq>28.35</cq>
          <excluded>false</excluded>
          <sample reference="../../../../../samples/sample[5]"/>
          <target reference="../../../../../referenceTargets/target[2]"/>
        </well>
        <well>
          <position>B6</position>
          <cq>28.62</cq>
          <excluded>false</excluded>
          <sample reference="../../../../../samples/sample[5]"/>
          <target reference="../../../../../referenceTargets/target[2]"/>
        </well>
        <well>
          <position>B7</position>
          <cq>28.71</cq>
          <excluded>false</excluded>
          <sample reference="../../../../../samples/sample"/>
          <target reference="../../../../../referenceTargets/target[2]"/>
        </well>
        <well>
          <position>B8</position>
          <cq>28.55</cq>
          <excluded>false</excluded>
          <sample reference="../../../../../samples/sample"/>
          <target reference="../../../../../referenceTargets/target[2]"/>
        </well>
        <well>
          <position>B9</position>
          <cq>28.0</cq>
          <excluded>false</excluded>
          <sample reference="../../../../../samples/sample[12]"/>
          <target reference="../../../../../referenceTargets/target[2]"/>
        </well>
        <well>
          <position>B10</position>
          <cq>27.89</cq>
          <excluded>false</excluded>
          <sample reference="../../../../../samples/sample[12]"/>
          <target reference="../../../../../referenceTargets/target[2]"/>
        </well>
        <well>
          <position>B11</position>
          <cq>28.53</cq>
          <excluded>false</excluded>
          <sample reference="../../../../../samples/sample[21]"/>
          <target reference="../../../../../referenceTargets/target[2]"/>
        </well>
        <well>
          <position>B12</position>
          <cq>28.36</cq>
          <excluded>false</excluded>
          <sample reference="../../../../../samples/sample[21]"/>
          <target reference="../../../../../referenceTargets/target[2]"/>
        </well>
        <well>
          <position>C1</position>
          <cq>33.07</cq>
          <excluded>false</excluded>
          <sample reference="../../../../../samples/sample[6]"/>
          <target reference="../../../../../referenceTargets/target[2]"/>
        </well>
        <well>
          <position>C2</position>
          <cq>33.16</cq>
          <excluded>false</excluded>
          <sample reference="../../../../../samples/sample[6]"/>
          <target reference="../../../../../referenceTargets/target[2]"/>
        </well>
        <well>
          <position>C3</position>
          <cq>28.34</cq>
          <excluded>false</excluded>
          <sample reference="../../../../../samples/sample[20]"/>
          <target reference="../../../../../referenceTargets/target[2]"/>
        </well>
        <well>
          <position>C4</position>
          <cq>27.98</cq>
          <excluded>false</excluded>
          <sample reference="../../../../../samples/sample[20]"/>
          <target reference="../../../../../referenceTargets/target[2]"/>
        </well>
        <well>
          <position>C5</position>
          <cq>28.6</cq>
          <excluded>false</excluded>
          <sample reference="../../../../../samples/sample[10]"/>
          <target reference="../../../../../referenceTargets/target[2]"/>
        </well>
        <well>
          <position>C6</position>
          <cq>28.98</cq>
          <excluded>false</excluded>
          <sample reference="../../../../../samples/sample[10]"/>
          <target reference="../../../../../referenceTargets/target[2]"/>
        </well>
        <well>
          <position>C7</position>
          <cq>29.62</cq>
          <excluded>false</excluded>
          <sample reference="../../../../../samples/sample[22]"/>
          <target reference="../../../../../referenceTargets/target[2]"/>
        </well>
        <well>
          <position>C8</position>
          <cq>29.47</cq>
          <excluded>false</excluded>
          <sample reference="../../../../../samples/sample[22]"/>
          <target reference="../../../../../referenceTargets/target[2]"/>
        </well>
        <well>
          <position>C9</position>
          <cq></cq>
          <excluded>false</excluded>
        </well>
        <well>
          <position>C10</position>
          <cq></cq>
          <excluded>false</excluded>
        </well>
        <well>
          <position>C11</position>
          <cq></cq>
          <excluded>false</excluded>
        </well>
        <well>
          <position>C12</position>
          <cq></cq>
          <excluded>false</excluded>
        </well>
        <well>
          <position>D1</position>
          <cq>27.08</cq>
          <excluded>false</excluded>
          <sample reference="../../../../../samples/sample[19]"/>
          <target reference="../../../../../referenceTargets/target[2]"/>
        </well>
        <well>
          <position>D2</position>
          <cq>27.0</cq>
          <excluded>false</excluded>
          <sample reference="../../../../../samples/sample[19]"/>
          <target reference="../../../../../referenceTargets/target[2]"/>
        </well>
        <well>
          <position>D3</position>
          <cq>29.21</cq>
          <excluded>false</excluded>
          <sample reference="../../../../../samples/sample[18]"/>
          <target reference="../../../../../referenceTargets/target[2]"/>
        </well>
        <well>
          <position>D4</position>
          <cq>29.47</cq>
          <excluded>false</excluded>
          <sample reference="../../../../../samples/sample[18]"/>
          <target reference="../../../../../referenceTargets/target[2]"/>
        </well>
        <well>
          <position>D5</position>
          <cq>31.34</cq>
          <excluded>false</excluded>
          <sample reference="../../../../../samples/sample[4]"/>
          <target reference="../../../../../referenceTargets/target[2]"/>
        </well>
        <well>
          <position>D6</position>
          <cq>31.33</cq>
          <excluded>false</excluded>
          <sample reference="../../../../../samples/sample[4]"/>
          <target reference="../../../../../referenceTargets/target[2]"/>
        </well>
        <well>
          <position>D7</position>
          <cq>33.47</cq>
          <excluded>false</excluded>
          <sample reference="../../../../../samples/sample[17]"/>
          <target reference="../../../../../referenceTargets/target[2]"/>
        </well>
        <well>
          <position>D8</position>
          <cq>33.29</cq>
          <excluded>false</excluded>
          <sample reference="../../../../../samples/sample[17]"/>
          <target reference="../../../../../referenceTargets/target[2]"/>
        </well>
        <well>
          <position>D9</position>
          <cq>35.6</cq>
          <excluded>false</excluded>
          <sample reference="../../../../../samples/sample[14]"/>
          <target reference="../../../../../referenceTargets/target[2]"/>
        </well>
        <well>
          <position>D10</position>
          <cq>35.34</cq>
          <excluded>false</excluded>
          <sample reference="../../../../../samples/sample[14]"/>
          <target reference="../../../../../referenceTargets/target[2]"/>
        </well>
        <well>
          <position>D11</position>
          <cq></cq>
          <excluded>false</excluded>
          <sample reference="../../../../../samples/sample[11]"/>
          <target reference="../../../../../referenceTargets/target[2]"/>
        </well>
        <well>
          <position>D12</position>
          <cq></cq>
          <excluded>false</excluded>
          <sample reference="../../../../../samples/sample[11]"/>
          <target reference="../../../../../referenceTargets/target[2]"/>
        </well>
        <well>
          <position>E1</position>
          <cq>23.08</cq>
          <excluded>false</excluded>
          <sample reference="../../../../../samples/sample[13]"/>
          <target reference="../../../../../targetsOfInterest/target"/>
        </well>
        <well>
          <position>E2</position>
          <cq>23.02</cq>
          <excluded>false</excluded>
          <sample reference="../../../../../samples/sample[13]"/>
          <target reference="../../../../../targetsOfInterest/target"/>
        </well>
        <well>
          <position>E3</position>
          <cq>21.64</cq>
          <excluded>false</excluded>
          <sample reference="../../../../../samples/sample[3]"/>
          <target reference="../../../../../targetsOfInterest/target"/>
        </well>
        <well>
          <position>E4</position>
          <cq>21.36</cq>
          <excluded>false</excluded>
          <sample reference="../../../../../samples/sample[3]"/>
          <target reference="../../../../../targetsOfInterest/target"/>
        </well>
        <well>
          <position>E5</position>
          <cq>27.89</cq>
          <excluded>false</excluded>
          <sample reference="../../../../../samples/sample[2]"/>
          <target reference="../../../../../targetsOfInterest/target"/>
        </well>
        <well>
          <position>E6</position>
          <cq>27.82</cq>
          <excluded>false</excluded>
          <sample reference="../../../../../samples/sample[2]"/>
          <target reference="../../../../../targetsOfInterest/target"/>
        </well>
        <well>
          <position>E7</position>
          <cq>27.57</cq>
          <excluded>false</excluded>
          <sample reference="../../../../../samples/sample[16]"/>
          <target reference="../../../../../targetsOfInterest/target"/>
        </well>
        <well>
          <position>E8</position>
          <cq>27.75</cq>
          <excluded>false</excluded>
          <sample reference="../../../../../samples/sample[16]"/>
          <target reference="../../../../../targetsOfInterest/target"/>
        </well>
        <well>
          <position>E9</position>
          <cq>18.24</cq>
          <excluded>false</excluded>
          <sample reference="../../../../../samples/sample[7]"/>
          <target reference="../../../../../targetsOfInterest/target"/>
        </well>
        <well>
          <position>E10</position>
          <cq>18.22</cq>
          <excluded>false</excluded>
          <sample reference="../../../../../samples/sample[7]"/>
          <target reference="../../../../../targetsOfInterest/target"/>
        </well>
        <well>
          <position>E11</position>
          <cq>29.94</cq>
          <excluded>false</excluded>
          <sample reference="../../../../../samples/sample[9]"/>
          <target reference="../../../../../targetsOfInterest/target"/>
        </well>
        <well>
          <position>E12</position>
          <cq>30.24</cq>
          <excluded>false</excluded>
          <sample reference="../../../../../samples/sample[9]"/>
          <target reference="../../../../../targetsOfInterest/target"/>
        </well>
        <well>
          <position>F1</position>
          <cq>22.34</cq>
          <excluded>false</excluded>
          <sample reference="../../../../../samples/sample[15]"/>
          <target reference="../../../../../targetsOfInterest/target"/>
        </well>
        <well>
          <position>F2</position>
          <cq>22.67</cq>
          <excluded>false</excluded>
          <sample reference="../../../../../samples/sample[15]"/>
          <target reference="../../../../../targetsOfInterest/target"/>
        </well>
        <well>
          <position>F3</position>
          <cq>25.77</cq>
          <excluded>false</excluded>
          <sample reference="../../../../../samples/sample[8]"/>
          <target reference="../../../../../targetsOfInterest/target"/>
        </well>
        <well>
          <position>F4</position>
          <cq>25.7</cq>
          <excluded>false</excluded>
          <sample reference="../../../../../samples/sample[8]"/>
          <target reference="../../../../../targetsOfInterest/target"/>
        </well>
        <well>
          <position>F5</position>
          <cq>23.07</cq>
          <excluded>false</excluded>
          <sample reference="../../../../../samples/sample[5]"/>
          <target reference="../../../../../targetsOfInterest/target"/>
        </well>
        <well>
          <position>F6</position>
          <cq>23.03</cq>
          <excluded>false</excluded>
          <sample reference="../../../../../samples/sample[5]"/>
          <target reference="../../../../../targetsOfInterest/target"/>
        </well>
        <well>
          <position>F7</position>
          <cq>22.34</cq>
          <excluded>false</excluded>
          <sample reference="../../../../../samples/sample"/>
          <target reference="../../../../../targetsOfInterest/target"/>
        </well>
        <well>
          <position>F8</position>
          <cq>22.34</cq>
          <excluded>false</excluded>
          <sample reference="../../../../../samples/sample"/>
          <target reference="../../../../../targetsOfInterest/target"/>
        </well>
        <well>
          <position>F9</position>
          <cq>17.62</cq>
          <excluded>false</excluded>
          <sample reference="../../../../../samples/sample[12]"/>
          <target reference="../../../../../targetsOfInterest/target"/>
        </well>
        <well>
          <position>F10</position>
          <cq>17.57</cq>
          <excluded>false</excluded>
          <sample reference="../../../../../samples/sample[12]"/>
          <target reference="../../../../../targetsOfInterest/target"/>
        </well>
        <well>
          <position>F11</position>
          <cq>19.67</cq>
          <excluded>false</excluded>
          <sample reference="../../../../../samples/sample[21]"/>
          <target reference="../../../../../targetsOfInterest/target"/>
        </well>
        <well>
          <position>F12</position>
          <cq>19.72</cq>
          <excluded>false</excluded>
          <sample reference="../../../../../samples/sample[21]"/>
          <target reference="../../../../../targetsOfInterest/target"/>
        </well>
        <well>
          <position>G1</position>
          <cq>26.1</cq>
          <excluded>false</excluded>
          <sample reference="../../../../../samples/sample[6]"/>
          <target reference="../../../../../targetsOfInterest/target"/>
        </well>
        <well>
          <position>G2</position>
          <cq>26.46</cq>
          <excluded>false</excluded>
          <sample reference="../../../../../samples/sample[6]"/>
          <target reference="../../../../../targetsOfInterest/target"/>
        </well>
        <well>
          <position>G3</position>
          <cq>16.98</cq>
          <excluded>false</excluded>
          <sample reference="../../../../../samples/sample[20]"/>
          <target reference="../../../../../targetsOfInterest/target"/>
        </well>
        <well>
          <position>G4</position>
          <cq>16.66</cq>
          <excluded>false</excluded>
          <sample reference="../../../../../samples/sample[20]"/>
          <target reference="../../../../../targetsOfInterest/target"/>
        </well>
        <well>
          <position>G5</position>
          <cq>24.62</cq>
          <excluded>false</excluded>
          <sample reference="../../../../../samples/sample[10]"/>
          <target reference="../../../../../targetsOfInterest/target"/>
        </well>
        <well>
          <position>G6</position>
          <cq>24.5</cq>
          <excluded>false</excluded>
          <sample reference="../../../../../samples/sample[10]"/>
          <target reference="../../../../../targetsOfInterest/target"/>
        </well>
        <well>
          <position>G7</position>
          <cq>30.03</cq>
          <excluded>false</excluded>
          <sample reference="../../../../../samples/sample[22]"/>
          <target reference="../../../../../targetsOfInterest/target"/>
        </well>
        <well>
          <position>G8</position>
          <cq>29.82</cq>
          <excluded>false</excluded>
          <sample reference="../../../../../samples/sample[22]"/>
          <target reference="../../../../../targetsOfInterest/target"/>
        </well>
        <well>
          <position>G9</position>
          <cq></cq>
          <excluded>false</excluded>
        </well>
        <well>
          <position>G10</position>
          <cq></cq>
          <excluded>false</excluded>
        </well>
        <well>
          <position>G11</position>
          <cq></cq>
          <excluded>false</excluded>
        </well>
        <well>
          <position>G12</position>
          <cq></cq>
          <excluded>false</excluded>
        </well>
        <well>
          <position>H1</position>
          <cq>20.15</cq>
          <excluded>false</excluded>
          <sample reference="../../../../../samples/sample[19]"/>
          <target reference="../../../../../targetsOfInterest/target"/>
        </well>
        <well>
          <position>H2</position>
          <cq>20.05</cq>
          <excluded>false</excluded>
          <sample reference="../../../../../samples/sample[19]"/>
          <target reference="../../../../../targetsOfInterest/target"/>
        </well>
        <well>
          <position>H3</position>
          <cq>22.15</cq>
          <excluded>false</excluded>
          <sample reference="../../../../../samples/sample[18]"/>
          <target reference="../../../../../targetsOfInterest/target"/>
        </well>
        <well>
          <position>H4</position>
          <cq>22.19</cq>
          <excluded>false</excluded>
          <sample reference="../../../../../samples/sample[18]"/>
          <target reference="../../../../../targetsOfInterest/target"/>
        </well>
        <well>
          <position>H5</position>
          <cq>24.15</cq>
          <excluded>false</excluded>
          <sample reference="../../../../../samples/sample[4]"/>
          <target reference="../../../../../targetsOfInterest/target"/>
        </well>
        <well>
          <position>H6</position>
          <cq>24.24</cq>
          <excluded>false</excluded>
          <sample reference="../../../../../samples/sample[4]"/>
          <target reference="../../../../../targetsOfInterest/target"/>
        </well>
        <well>
          <position>H7</position>
          <cq>26.15</cq>
          <excluded>false</excluded>
          <sample reference="../../../../../samples/sample[17]"/>
          <target reference="../../../../../targetsOfInterest/target"/>
        </well>
        <well>
          <position>H8</position>
          <cq>26.38</cq>
          <excluded>false</excluded>
          <sample reference="../../../../../samples/sample[17]"/>
          <target reference="../../../../../targetsOfInterest/target"/>
        </well>
        <well>
          <position>H9</position>
          <cq>28.15</cq>
          <excluded>false</excluded>
          <sample reference="../../../../../samples/sample[14]"/>
          <target reference="../../../../../targetsOfInterest/target"/>
        </well>
        <well>
          <position>H10</position>
          <cq>28.4</cq>
          <excluded>false</excluded>
          <sample reference="../../../../../samples/sample[14]"/>
          <target reference="../../../../../targetsOfInterest/target"/>
        </well>
        <well>
          <position>H11</position>
          <cq></cq>
          <excluded>false</excluded>
          <sample reference="../../../../../samples/sample[11]"/>
          <target reference="../../../../../targetsOfInterest/target"/>
        </well>
        <well>
          <position>H12</position>
          <cq>39.2</cq>
          <excluded>false</excluded>
          <sample reference="../../../../../samples/sample[11]"/>
          <target reference="../../../../../targetsOfInterest/target"/>
        </well>
      </wells>
    </run>
  </runs>
  <targetRunCombinations/>
  <statisticsResults>
    <statisticsResult>
      <name>Wilcoxon signed rank 1</name>
      <valid>true</valid>
      <goal>MEAN_COMPARISON</goal>
      <test>WILCOXON_SIGNED_RANK</test>
      <data type="StatisticsResultMeanComparison">
        <sampleProperty>Treatment</sampleProperty>
        <samplePropertyValues>
          <string>Untreated</string>
          <string>Treated</string>
        </samplePropertyValues>
        <targets>
          <target reference="../../../../../targetsOfInterest/target[3]"/>
          <target reference="../../../../../targetsOfInterest/target[4]"/>
          <target reference="../../../../../targetsOfInterest/target[2]"/>
        </targets>
        <normalDistribution>UNKNOWN</normalDistribution>
        <paired>YES</paired>
        <pairingProperty>Pairing</pairingProperty>
        <direction>TWO</direction>
        <correctMultipleTesting>true</correctMultipleTesting>
        <targetNames/>
      </data>
    </statisticsResult>
  </statisticsResults>
  <conclusion>Quality control:
- Low PCR replicate variability (all duplicates within 0.5 cycles)
- Target Palm - sample 5: one of the PCR replicates has been excluded based on a deviating amplification plot
- The negative control sample is negative for all targets
- Flexible excluded as reference target because of high M and CV values. The remaining two reference targets (Stable and Non-regulated) appear to be stably expressed (M=0.194)
- Deviating normalization factor for sample 13. Should be kept in mind when doing the interpretation of the results.

Conclusions
- Wilcoxon signed rank test is the proper statitical test to perform a mean comparison between the paired treated and untreated samples.
- The p-value for target Palm is &lt; 0.05, indicating a significant difference in expression level upon treatment. There is a 4.236-fold down-regulation upon treatment (95% confidence interval 3.557 - 5.045).</conclusion>
</experiment>
</xml>
